{"1608508800000.0": 21628.514055436226, "1608595200000.0": 21146.921130653616, "1608681600000.0": 22061.911753656874, "1608768000000.0": 21886.19414500425, "1608854400000.0": 22199.182042788198, "1608940800000.0": 23146.9191549091, "1609027200000.0": 24077.54156304541, "1609113600000.0": 24923.32258171099, "1609200000000.0": 26019.966199656716, "1609286400000.0": 25784.00954849429, "1609372800000.0": 26960.134823178243, "1609459200000.0": 27618.67422343736, "1609545600000.0": 28409.372659336037, "1609632000000.0": 28867.110124863728, "1609718400000.0": 31512.909419181215, "1609804800000.0": 30214.38666704811, "1609891200000.0": 29847.813807942686, "1609977600000.0": 32428.72393682626, "1610064000000.0": 35174.52507222485, "1610150400000.0": 35762.03268408873, "1610236800000.0": 38084.78835129256, "1610323200000.0": 36901.91866635518, "1610409600000.0": 33108.33580191513, "1610496000000.0": 32626.00893127675, "1610582400000.0": 32551.444876414913, "1610668800000.0": 35358.35004075733, "1610755200000.0": 35744.09790363334, "1610841600000.0": 34951.617043859354, "1610928000000.0": 34405.23225362838, "1611014400000.0": 34887.25771919926, "1611100800000.0": 35329.90808891842, "1611187200000.0": 35050.34429803495, "1611273600000.0": 33485.36905975791, "1611360000000.0": 31064.13746426643, "1611446400000.0": 31972.683093877095, "1611532800000.0": 31043.656022634503, "1611619200000.0": 31566.448607364488, "1611705600000.0": 30512.732760109506, "1611792000000.0": 30917.61876451777, "1611878400000.0": 30560.409818769862, "1611964800000.0": 31298.532332204777, "1612051200000.0": 33702.851769106535, "1612137600000.0": 32151.88033485285, "1612224000000.0": 31500.76783975917, "1612310400000.0": 33109.75739306237, "1612396800000.0": 35404.62188108059, "1612483200000.0": 36076.994876761935, "1612569600000.0": 35859.73605638683, "1612656000000.0": 35637.27580399215, "1612742400000.0": 35165.352371359906, "1612828800000.0": 37243.04945078727, "1612915200000.0": 41039.89155328773, "1613001600000.0": 42516.86377722206, "1613088000000.0": 42835.05569717333, "1613174400000.0": 45198.97795815613, "1613260800000.0": 45721.88257890384, "1613347200000.0": 45914.05584677325, "1613433600000.0": 44687.188354600396, "1613520000000.0": 46045.2532933853, "1613606400000.0": 46888.412278846845, "1613692800000.0": 50181.965525510124, "1613779200000.0": 50610.50656805161, "1613865600000.0": 53308.566139425086, "1613952000000.0": 54853.9925946371, "1614038400000.0": 50389.1458904028, "1614124800000.0": 46424.39135211404, "1614211200000.0": 47147.36904702646, "1614297600000.0": 45989.01327597906, "1614384000000.0": 44831.7314585022, "1614470400000.0": 45437.615470001634, "1614556800000.0": 42751.73756690496, "1614643200000.0": 43824.88455874152, "1614729600000.0": 46364.98963294553, "1614816000000.0": 47569.7706941452, "1614902400000.0": 47510.9014561401, "1614988800000.0": 47269.098333757865, "1615075200000.0": 46664.84254922807, "1615161600000.0": 49067.44717235536, "1615248000000.0": 49451.71524764404, "1615334400000.0": 51210.91771944782, "1615420800000.0": 50748.7417265827, "1615507200000.0": 50750.75440590641, "1615593600000.0": 50887.66624965742, "1615680000000.0": 49876.14724923282, "1615766400000.0": 54186.47812880777, "1615852800000.0": 53618.43520127373, "1615939200000.0": 51903.09847251265, "1616025600000.0": 53248.079194961916, "1616112000000.0": 54350.50558692096, "1616198400000.0": 54978.76480194105, "1616284800000.0": 57128.829243258595, "1616371200000.0": 55308.92330569647, "1616457600000.0": 54767.86663932224, "1616544000000.0": 54024.16525553057, "1616630400000.0": 52697.14218435512, "1616716800000.0": 50706.12841579787, "1616803200000.0": 51509.073834034425, "1616889600000.0": 53950.18650474099, "1616976000000.0": 54361.47956092781, "1617062400000.0": 54199.21699315033, "1617148800000.0": 55854.008824860524, "1617235200000.0": 56250.52263690984, "1617321600000.0": 57193.908791770016, "1617408000000.0": 57812.95465459311, "1617494400000.0": 57273.449834588624, "1617580800000.0": 56752.84695610131, "1617667200000.0": 56761.74408003652, "1617753600000.0": 56991.65964645919, "1617840000000.0": 55691.692949307624, "1617926400000.0": 55358.80418263593, "1618012800000.0": 55749.24695916611, "1618099200000.0": 56690.561182450685, "1618185600000.0": 57656.66259645165, "1618272000000.0": 58088.53843981189, "1618358400000.0": 58729.264476595985, "1618444800000.0": 59588.5982087364, "1618531200000.0": 60655.17620495246, "1618617600000.0": 59754.64160485296, "1618704000000.0": 59952.83607672106, "1618790400000.0": 53021.556571100766, "1618876800000.0": 55918.47430226373, "1618963200000.0": 53181.06184546347, "1619049600000.0": 54929.10426464767, "1619136000000.0": 52268.33368400706, "1619222400000.0": 49434.48279501843, "1619308800000.0": 50312.597269120015, "1619395200000.0": 47402.7226714703, "1619481600000.0": 49749.82317945929, "1619568000000.0": 53509.82961578445, "1619654400000.0": 54694.03592729955, "1619740800000.0": 52616.78619251437, "1619827200000.0": 52936.38899199921, "1619913600000.0": 57726.106342199964, "1620000000000.0": 56775.59840085544, "1620086400000.0": 56479.45104184323, "1620172800000.0": 52886.58040264712, "1620259200000.0": 51967.87235256962, "1620345600000.0": 56388.37941236827, "1620432000000.0": 55631.15647551349, "1620518400000.0": 56859.04835941677, "1620604800000.0": 56479.89778794524, "1620691200000.0": 54560.404190540765, "1620777600000.0": 54751.24231112397, "1620864000000.0": 51574.24876685586, "1620950400000.0": 48385.70260205839, "1621036800000.0": 49570.310697558045, "1621123200000.0": 48236.75392112839, "1621209600000.0": 46651.18046513421, "1621296000000.0": 43953.20273779558, "1621382400000.0": 43562.24222881315, "1621468800000.0": 36572.64590823397, "1621555200000.0": 34932.90736282818, "1621641600000.0": 34508.16633356853, "1621728000000.0": 35324.506187351064, "1621814400000.0": 31193.385634960876, "1621900800000.0": 30956.390054664902, "1621987200000.0": 35017.590405010604, "1622073600000.0": 38694.76022412356, "1622160000000.0": 38028.68293285785, "1622246400000.0": 33789.15889117298, "1622332800000.0": 36664.06515952767, "1622419200000.0": 34306.019884826244, "1622505600000.0": 34795.413100661564, "1622592000000.0": 34959.910854120804, "1622678400000.0": 35847.064608620756, "1622764800000.0": 37958.688426267865, "1622851200000.0": 36107.24882874652, "1622937600000.0": 35940.95260981875, "1623024000000.0": 34707.293169637225, "1623110400000.0": 32894.07813179538, "1623196800000.0": 32301.584580652456, "1623283200000.0": 33073.1104686103, "1623369600000.0": 35488.01114752862, "1623456000000.0": 35874.776330255394, "1623542400000.0": 33446.84608372582, "1623628800000.0": 33228.051248419935, "1623715200000.0": 36716.383841585295, "1623801600000.0": 37462.727161654955, "1623888000000.0": 38536.816549778334, "1623974400000.0": 39652.19823525622, "1624060800000.0": 36703.251586196246, "1624147200000.0": 35539.90912168504, "1624233600000.0": 34532.460664737635, "1624320000000.0": 35130.80259940955, "1624406400000.0": 31946.403885447733, "1624492800000.0": 32398.167756676914, "1624579200000.0": 33960.19984197966, "1624665600000.0": 31508.951573305592, "1624752000000.0": 30902.208695232053, "1624838400000.0": 31643.93036577507, "1624924800000.0": 32738.920594397205, "1625011200000.0": 33774.86983012629, "1625097600000.0": 33816.67501089161, "1625184000000.0": 33709.020504044216, "1625270400000.0": 33735.49893364741, "1625356800000.0": 33733.5209265945, "1625443200000.0": 34353.837132227614, "1625529600000.0": 33387.88684072408, "1625616000000.0": 33745.34561876335, "1625702400000.0": 34440.54688027864, "1625788800000.0": 32736.90992963841, "1625875200000.0": 33070.91526339735, "1625961600000.0": 32589.944912739556, "1626048000000.0": 32208.79615876227, "1626134400000.0": 33309.59897918309, "1626220800000.0": 32363.907710497395, "1626307200000.0": 32326.37140039433, "1626393600000.0": 31753.77303393032, "1626480000000.0": 31611.10170755878,