{"1608508800000.0": 22682.902543229, "1608595200000.0": 22930.054503158422, "1608681600000.0": 22869.530646888627, "1608768000000.0": 22576.976749650017, "1608854400000.0": 22351.132717041655, "1608940800000.0": 23590.56659477504, "1609027200000.0": 25205.6515477891, "1609113600000.0": 26939.716328351566, "1609200000000.0": 27009.91326107319, "1609286400000.0": 27584.669260850715, "1609372800000.0": 27947.91061141562, "1609459200000.0": 28175.16952471555, "1609545600000.0": 29223.170814026336, "1609632000000.0": 32117.246680055538, "1609718400000.0": 34031.441546765855, "1609804800000.0": 33488.33764942046, "1609891200000.0": 34123.19041020176, "1609977600000.0": 35855.036828981116, "1610064000000.0": 38849.75787586473, "1610150400000.0": 40550.70294747753, "1610236800000.0": 41240.81870260865, "1610323200000.0": 42059.777341548244, "1610409600000.0": 40621.5454976205, "1610496000000.0": 38414.73054734395, "1610582400000.0": 40225.19218806979, "1610668800000.0": 40023.255569138404, "1610755200000.0": 39703.252762629505, "1610841600000.0": 38839.33554178916, "1610928000000.0": 38770.28329650084, "1611014400000.0": 38089.00796225476, "1611100800000.0": 37910.896762993114, "1611187200000.0": 36831.732515266485, "1611273600000.0": 36173.574260153546, "1611360000000.0": 35067.08953794482, "1611446400000.0": 33849.355148442824, "1611532800000.0": 33458.26501889498, "1611619200000.0": 35295.70533161001, "1611705600000.0": 33473.69271251232, "1611792000000.0": 32973.93206841753, "1611878400000.0": 33920.87748360018, "1611964800000.0": 38152.267665205676, "1612051200000.0": 35317.4618006093, "1612137600000.0": 36050.50127449708, "1612224000000.0": 35279.96474288581, "1612310400000.0": 36373.863763701505, "1612396800000.0": 37017.716938978774, "1612483200000.0": 38120.624798488505, "1612569600000.0": 38081.50002514638, "1612656000000.0": 39403.53425649907, "1612742400000.0": 38450.36454419581, "1612828800000.0": 38502.06520979738, "1612915200000.0": 42310.00308788971, "1613001600000.0": 42719.023157473406, "1613088000000.0": 45857.99377347205, "1613174400000.0": 46423.24460449859, "1613260800000.0": 46425.33619170737, "1613347200000.0": 48040.387944089925, "1613433600000.0": 47946.495850071326, "1613520000000.0": 49938.43172903223, "1613606400000.0": 50591.97388384477, "1613692800000.0": 51497.07902298199, "1613779200000.0": 53274.81979202289, "1613865600000.0": 56008.57271366239, "1613952000000.0": 56757.53683401181, "1614038400000.0": 57295.77983492509, "1614124800000.0": 55282.04401287207, "1614211200000.0": 52222.809061804466, "1614297600000.0": 51806.097579820474, "1614384000000.0": 49207.59423378087, "1614470400000.0": 48530.233859850894, "1614556800000.0": 46353.45567988889, "1614643200000.0": 50191.68826509976, "1614729600000.0": 51186.64608560664, "1614816000000.0": 52977.54447825706, "1614902400000.0": 52781.53903167755, "1614988800000.0": 49546.75780678939, "1615075200000.0": 49469.41214782101, "1615161600000.0": 52002.88208602159, "1615248000000.0": 52137.550549753854, "1615334400000.0": 53417.06370073861, "1615420800000.0": 55629.6976726749, "1615507200000.0": 56700.54966966776, "1615593600000.0": 57119.09776871969, "1615680000000.0": 56672.77585949939, "1615766400000.0": 56390.90803232991, "1615852800000.0": 56213.72468754513, "1615939200000.0": 53311.7770128007, "1616025600000.0": 55125.690008911566, "1616112000000.0": 58410.31779061674, "1616198400000.0": 56951.73778424092, "1616284800000.0": 59788.23791608041, "1616371200000.0": 57949.5118175317, "1616457600000.0": 58804.22328316046, "1616544000000.0": 55658.18179096277, "1616630400000.0": 58403.21558201442, "1616716800000.0": 53362.76946672732, "1616803200000.0": 55959.39475774524, "1616889600000.0": 56837.51623419942, "1616976000000.0": 57165.06736033575, "1617062400000.0": 58441.88233733654, "1617148800000.0": 59245.74423501278, "1617235200000.0": 59728.001321154, "1617321600000.0": 59679.44899877764, "1617408000000.0": 59726.54537438439, "1617494400000.0": 59264.81306145594, "1617580800000.0": 59012.90854867856, "1617667200000.0": 58842.44550322553, "1617753600000.0": 59190.000313226534, "1617840000000.0": 59224.2628263451, "1617926400000.0": 58303.65224080495, "1618012800000.0": 58430.363797128455, "1618099200000.0": 59479.848521122054, "1618185600000.0": 59443.428543080976, "1618272000000.0": 60513.72845602961, "1618358400000.0": 60907.60301115246, "1618444800000.0": 61947.70725167278, "1618531200000.0": 63847.05773047368, "1618617600000.0": 63650.173379063, "1618704000000.0": 62717.095484702455, "1618790400000.0": 60769.591579408065, "1618876800000.0": 58427.67591347798, "1618963200000.0": 56698.3161860925, "1619049600000.0": 56134.762096727194, "1619136000000.0": 56108.09947504584, "1619222400000.0": 54375.99098686245, "1619308800000.0": 50115.347134195064, "1619395200000.0": 50266.15721692595, "1619481600000.0": 55273.779317327266, "1619568000000.0": 56175.770190734096, "1619654400000.0": 57080.12046769535, "1619740800000.0": 55548.93502827897, "1619827200000.0": 58494.08046641467, "1619913600000.0": 59485.29539890526, "1620000000000.0": 58472.76580063341, "1620086400000.0": 58932.1807228179, "1620172800000.0": 58255.37754803624, "1620259200000.0": 58539.05460878519, "1620345600000.0": 59798.681619923686, "1620432000000.0": 59378.67324356051, "1620518400000.0": 60030.26743743321, "1620604800000.0": 59671.031557314534, "1620691200000.0": 59896.36021402433, "1620777600000.0": 57220.51229809552, "1620864000000.0": 57375.34039667793, "1620950400000.0": 54243.48078684123, "1621036800000.0": 52630.96066945008, "1621123200000.0": 53058.48772111595, "1621209600000.0": 53378.46189446551, "1621296000000.0": 50418.019379400575, "1621382400000.0": 48503.28695164535, "1621468800000.0": 45054.8906443561, "1621555200000.0": 44091.1771708507, "1621641600000.0": 43257.15933949412, "1621728000000.0": 40245.00013416677, "1621814400000.0": 38928.85558815839, "1621900800000.0": 40064.86387317501, "1621987200000.0": 39669.379827247714, "1622073600000.0": 40431.735665951055, "1622160000000.0": 39147.83484868928, "1622246400000.0": 39682.1043741934, "1622332800000.0": 37290.96208085591, "1622419200000.0": 36093.100254589415, "1622505600000.0": 36180.64305388008, "1622592000000.0": 36176.12097974545, "1622678400000.0": 36872.5106150246, "1622764800000.0": 38242.478999467596, "1622851200000.0": 39701.663752140434, "1622937600000.0": 37980.15250294593, "1623024000000.0": 36116.57021367367, "1623110400000.0": 36980.05595295048, "1623196800000.0": 34807.81783716558, "1623283200000.0": 36905.13853110424, "1623369600000.0": 37850.27537011437, "1623456000000.0": 35196.96086335376, "1623542400000.0": 36877.663263640614, "1623628800000.0": 38348.53962193415, "1623715200000.0": 40789.12118647537, "1623801600000.0": 41314.8092777048, "1623888000000.0": 42284.01732746015, "1623974400000.0": 40374.47300539802, "1624060800000.0": 39638.76690987755, "1624147200000.0": 37911.486216726924, "1624233600000.0": 37388.46509718531, "1624320000000.0": 36495.16966913449, "1624406400000.0": 36983.09059053307, "1624492800000.0": 35154.61933694896, "1624579200000.0": 35239.38135798566, "1624665600000.0": 34651.89060204275, "1624752000000.0": 34035.591975510644, "1624838400000.0": 35165.28709611127, "1624924800000.0": 36058.93439672823, "1625011200000.0": 35477.05910086116, "1625097600000.0": 35922.49421393634, "1625184000000.0": 35147.52285052216, "1625270400000.0": 34907.8562711101, "1625356800000.0": 36380.90871647352, "1625443200000.0": 36843.50344058749, "1625529600000.0": 36319.131480937576, "1625616000000.0": 36333.49082284846, "1625702400000.0": 35570.08387440334, "1625788800000.0": 36688.55971939301, "1625875200000.0": 35358.45243092436, "1625961600000.0": 34909.35188299829, "1626048000000.0": 34883.05084721433, "1626134400000.0": 34798.391224319545, "1626220800000.0": 34457.30617749047, "1626307200000.0": 34573.105440386906, "1626393600000.0": 33788.01068266147, "1626480000000.0": 33513.46088130129,